day,n_test,pos_rate,auc,f1@0.5,recall@0.5,precision@0.5,acc@0.5,oracle_f1,oracle_thr,oracle_recall,pass@0.5,pass@oracle
5,8109,0.06486619805154767,0.5885220041427468,0.22208040842373963,0.33079847908745247,0.16714697406340057,0.8496732026143791,0.24565217391304348,0.33,0.4296577946768061,False,False
6,7392,0.23809523809523808,0.5956256961034349,0.1487758945386064,0.08977272727272727,0.4340659340659341,0.7554112554112554,0.40923694779116465,0.05,0.5789772727272727,False,False
7,7600,0.0718421052631579,0.666512959679957,0.3282172373081464,0.25457875457875456,0.46179401993355484,0.9251315789473684,0.38231098430813126,0.56,0.2454212454212454,False,False
8,8099,0.1961970613656007,0.6532475573716767,0.20686175580222,0.1290119572057898,0.5216284987277354,0.805901963205334,0.4227483524530144,0.11,0.5449968533668974,False,False
9,7545,0.19483101391650098,0.5379096329889981,0.18996415770609318,0.10816326530612246,0.7794117647058824,0.8202783300198807,0.337909186906019,0.09999999999999999,0.43537414965986393,False,False
10,7260,0.11088154269972451,0.8199308158247975,0.3270564915758176,0.20496894409937888,0.8088235294117647,0.906473829201102,0.4748118123914302,0.21000000000000002,0.5093167701863354,False,False
