day,n_test,positive_rate,motion_light_auc,thr_0p50_precision,thr_0p50_recall,thr_0p50_f1,thr_0p50_accuracy,oracle_best_threshold,oracle_best_f1,oracle_precision,oracle_recall,oracle_accuracy,passes_gate_at_0p50,passes_gate_oracle
4,8162,0.08674344523401127,0.7264986076561478,0.912751677852349,0.192090395480226,0.31738623103850644,0.9283263905905416,0.3,0.3658787255909558,0.6716981132075471,0.2514124293785311,0.9244057828963489,False,False
5,8109,0.06486619805154767,0.725886501174079,0.6,0.2623574144486692,0.36507936507936506,0.9408065112837588,0.47000000000000003,0.3697916666666667,0.5867768595041323,0.26996197718631176,0.9403132322111234,False,False
6,7392,0.23809523809523808,0.5555662549231664,0.4984984984984985,0.09431818181818181,0.15862398471094125,0.7617694805194806,0.02,0.3852975495915986,0.24243759177679883,0.9380681818181819,0.28733766233766234,False,False
7,7600,0.0718421052631579,0.7582631785566292,0.5797101449275363,0.29304029304029305,0.38929440389294406,0.9339473684210526,0.54,0.4049247606019152,0.8,0.27106227106227104,0.9427631578947369,False,False
8,8099,0.1961970613656007,0.6137029346341351,0.7589928057553957,0.13278791692888608,0.22603106588109267,0.821582911470552,0.06999999999999999,0.3772368208931162,0.2535760728218466,0.7363121460037759,0.5230275342634894,False,False
9,7545,0.19483101391650098,0.5856285098401501,0.7799043062200957,0.1108843537414966,0.19416319237641452,0.820675944333996,0.08,0.3808316430020284,0.30355699272433306,0.5108843537414965,0.6763419483101392,False,False
10,7260,0.11088154269972451,0.8199308158247975,0.8088235294117647,0.20496894409937888,0.3270564915758176,0.906473829201102,0.21000000000000002,0.4748118123914302,0.44468546637744033,0.5093167701863354,0.875068870523416,False,False
